date,oxygen,phosphate,salinity,silicate,temperature
1960-02-29,4.536,0.08937500000000001,36.44764044943819,3.8,22.27988888888888
1960-03-31,4.536,0.10116666666666667,36.30761904761905,3.8,23.483809523809526
1960-04-30,4.536,0.0885,36.26500000000001,3.8,25.833
1960-05-31,4.536,0.2776666666666667,35.412805970149265,3.8,25.73249266862172
1960-06-30,4.536,0.04833333333333334,36.107,3.8,27.988999999999997
1960-07-31,4.536,0.013333333333333334,36.22625,3.8,29.71764705882353
1960-08-31,4.536,0.016923076923076923,35.90494623655914,3.8,29.42052631578948
1960-09-30,4.536,0.1081818181818182,35.72558139534883,3.8,29.081860465116268
1960-10-31,4.536,0.1081818181818182,36.04,3.8,29.64
1960-11-30,4.536,0.1081818181818182,35.26721311475411,3.8,22.682258064516123
1960-12-31,4.536,0.1081818181818182,35.26721311475411,3.8,22.682258064516123
1961-01-31,4.536,0.1081818181818182,35.790000000000006,3.8,21.505217391304342
1961-02-28,4.536,0.1081818181818182,35.790000000000006,3.8,21.505217391304342
1961-03-31,4.536,0.1081818181818182,35.87722580645162,3.8,24.395625
1961-04-30,4.97,0.0,36.01668965517242,3.8,25.647241379310344
1961-05-31,4.854,0.06499999999999999,36.0087974683544,3.8,27.873360323886644
1961-06-30,4.854,0.06499999999999999,36.184384615384616,3.8,27.358846153846155
1961-07-31,4.56,0.048,36.25000000000001,3.8,29.56
1961-08-31,4.56,0.048,35.99571428571429,3.8,30.17642857142857
1961-09-30,4.56,0.048,36.15054545454546,3.8,28.39727272727273
1961-10-31,4.768571428571429,0.048,35.36557142857143,3.8,26.30673076923077
1961-11-30,4.768571428571429,0.048,35.908116279069766,3.8,25.089999999999996
1961-12-31,4.662745098039217,0.05,36.4328,3.8,24.61
1962-01-31,4.662745098039217,0.05,35.96036842105263,3.8,20.054210526315792
1962-02-28,4.662745098039217,0.05,36.21957971014494,3.8,23.692957746478882
1962-03-31,4.555074626865669,0.05,36.06045333333333,3.8,22.94093333333333
1962-04-30,4.924,0.05,36.36005882352941,3.8,23.631960784313723
1962-05-31,4.79,0.11176470588235296,36.30823255813952,3.8,26.694418604651162
1962-06-30,4.73,0.04571428571428572,36.35951807228917,3.8,28.019146341463404
1962-07-31,4.61,0.01,35.561,3.8,30.22
1962-08-31,4.58,0.0,36.02210769230769,3.8,28.614153846153854
1962-09-30,4.55,0.01,35.121,3.8,30.18
1962-10-31,4.68,0.03,36.02866666666666,3.8,28.116666666666664
1962-11-30,4.63,0.02,36.19444444444445,3.8,27.154444444444447
1962-12-31,4.75,0.04,36.197,3.8,25.93
1963-01-31,4.76,0.05,36.2834375,3.8,20.048666666666666
1963-02-28,4.83,0.02,35.855533333333334,3.8,21.384
1963-03-31,4.95,0.04,35.632733333333334,3.8,19.96297872340425
1963-04-30,4.72,0.11,34.44669444444445,3.8,22.118529411764708
1963-05-31,4.875,0.01,34.57750999999999,3.8,25.58637254901962
1963-06-30,3.966,0.06764705882352944,35.776627450980406,3.8,28.59019607843139
1963-07-31,3.966,0.06764705882352944,36.16464285714286,3.8,28.828571428571433
1963-08-31,3.966,0.06764705882352944,36.23747368421052,3.8,30.213559322033902
1963-09-30,3.966,0.06764705882352944,35.554047619047616,3.8,30.452380952380956
1963-10-31,3.966,0.06764705882352944,34.859534883720926,3.8,27.145454545454538
1963-11-30,3.966,0.06764705882352944,35.798793103448276,3.8,24.06551724137931
1963-12-31,3.966,0.06764705882352944,35.50184090909091,3.8,19.107999999999997
1964-01-31,4.574285714285714,0.06764705882352944,35.8700652173913,3.8,18.14304347826087
1964-02-29,5.139411764705882,0.10941176470588235,36.25341176470589,3.8,17.620576923076925
1964-03-31,5.433000000000001,0.2900000000000001,35.66767105263157,3.8,19.154936708860753
1964-04-30,4.729259259259259,0.255,35.339361111111124,3.8,22.557534246575344
1964-05-31,4.729259259259259,0.255,35.1860701754386,3.8,25.92407079646017
1964-06-30,4.714375,0.255,33.910962616822424,3.8,28.006330275229363
1964-07-31,5.3,0.255,35.27887499999999,3.8,28.84339285714287
1964-08-31,5.3,0.255,35.17076811594202,3.8,29.844142857142852
1964-09-30,4.25,0.255,34.89348275862069,3.8,29.262028985507254
1964-10-31,4.5825000000000005,0.07666666666666667,35.62416363636364,0.3,26.025492957746486
1964-11-30,4.6775,0.09,35.60734000000001,4.05,23.4598076923077
1964-12-31,4.795,0.2885714285714286,35.389053571428576,4.05,21.24035087719298
1965-01-31,4.96,0.6733333333333333,35.045700000000004,4.2,20.28475
1965-02-28,5.0,0.6399999999999999,35.54163636363636,5.6,20.19454545454545
1965-03-31,4.871666666666666,0.6399999999999999,35.32463513513514,5.6,19.50648648648648
1965-04-30,4.693125,0.08142857142857143,35.312468468468474,4.8,23.512566371681423
1965-05-31,4.57103448275862,0.05875,34.73148863636363,4.8,26.05193181818181
1965-06-30,4.452380952380952,0.2,33.49880645161291,5.25,27.17161290322582
1965-07-31,4.452380952380952,0.2,32.571347826086956,5.25,28.881956521739145
1965-08-31,4.452380952380952,0.2,34.6548671875,5.25,28.8595138888889
1965-09-30,4.534590163934427,0.2,35.67463876651984,5.25,28.05516528925617
1965-10-31,4.542,0.2,35.62422429906541,5.25,26.759813084112146
1965-11-30,4.518750000000001,0.07142857142857142,36.001330645161275,5.25,24.379365079365076
1965-12-31,5.335645161290322,0.02,35.576439024390275,5.25,22.012777777777767
1966-01-31,5.335645161290322,0.02,35.192011764705875,5.25,19.419761904761906
1966-02-28,5.026307692307695,0.18000000000000002,35.426919540229875,5.25,20.718160919540225
1966-03-31,4.583333333333333,0.18000000000000002,35.51833333333333,5.25,20.311538461538458
1966-04-30,4.583333333333333,0.18000000000000002,35.843636363636364,5.25,21.6246875
1966-05-31,4.583333333333333,0.18000000000000002,35.75608695652174,5.25,25.08521739130435
1966-06-30,4.577142857142858,0.2007142857142857,36.01725961538462,5.25,27.240198019801976
1966-07-31,4.403999999999999,0.124,35.539,5.25,28.433333333333334
1966-08-31,4.403999999999999,0.124,35.207,5.25,29.5330303030303
1966-09-30,4.507777777777778,0.10600000000000001,35.09111111111112,5.25,30.0
1966-10-31,4.507777777777778,0.10600000000000001,35.072105263157894,5.25,28.125
1966-11-30,4.507777777777778,0.10600000000000001,35.796121212121214,5.25,25.16
1966-12-31,4.756,0.10600000000000001,35.33809523809524,5.25,21.0
1967-01-31,4.756,0.10600000000000001,35.67214634146342,5.25,20.47214285714286
1967-02-28,4.4783333333333335,0.18,35.98056862745098,5.25,20.14921568627451
1967-03-31,5.05,0.06,36.01720689655173,5.25,22.66275862068965
1967-04-30,4.827999999999999,0.14,35.8191304347826,5.25,22.354166666666668
1967-05-31,4.827999999999999,0.14,35.630571428571436,5.25,25.501944444444444
1967-06-30,3.9188,0.14,35.83654687500001,5.25,25.81125
1967-07-31,4.146399999999999,0.14,34.88385507246378,5.25,29.17
1967-08-31,4.552941176470588,0.14,35.82345728643215,5.25,29.561343283582083
1967-09-30,4.150833333333333,0.5276923076923077,35.93638095238095,5.25,28.144353741496587
1967-10-31,4.304,0.066,35.90574137931035,5.25,26.700172413793094
1967-11-30,4.534,0.126,35.714222222222226,5.25,22.875185185185185
1967-12-31,4.534,0.126,34.68846153846153,5.25,20.155384615384612
1968-01-31,4.534,0.126,34.68846153846153,5.25,20.155384615384612
1968-02-29,4.785416666666666,0.13799999999999998,36.09853333333332,5.25,21.783333333333335
1968-03-31,4.954285714285715,0.16749999999999998,34.94956410256412,5.25,20.36358974358974
1968-04-30,4.86967741935484,0.16749999999999998,35.57173529411763,5.25,24.841315789473683
1968-05-31,4.755937499999999,0.79,35.299317073170734,5.25,26.785833333333336
1968-06-30,4.352222222222221,0.79,36.11222222222222,5.25,28.593333333333337
1968-07-31,4.059428571428572,0.2857692307692308,34.479692307692304,5.25,29.874871794871797
1968-08-31,4.51875,1.1875,35.18646153846154,2.1882352941176473,29.467846153846157
1968-09-30,4.5194117647058825,0.11800000000000002,35.846999999999994,2.1882352941176473,29.161951219512193
1968-10-31,4.35,0.5625,33.358000000000004,2.1882352941176473,28.288
1968-11-30,4.68321052631579,0.13565217391304346,36.16393548387098,2.1882352941176473,25.174838709677413
1968-12-31,4.724,0.5,33.3625,100.0,20.075
1969-01-31,4.724,0.5,34.726,100.0,18.369999999999997
1969-02-28,4.724,0.625,33.926842105263155,100.0,20.324761904761903
1969-03-31,4.6386486486486485,0.625,35.50058823529412,100.0,21.939411764705884
1969-04-30,4.6386486486486485,0.5625,34.32754054054054,100.0,24.82931034482759
1969-05-31,4.321,0.5625,35.84009210526313,100.0,27.123790849673195
1969-06-30,4.5532,0.10481818181818182,36.12472826086958,100.0,28.779038461538455
1969-07-31,4.514473684210525,0.3624571428571428,36.06598947368422,4.625,29.75927083333333
1969-08-31,4.366451612903226,0.13299999999999998,35.101245454545456,4.625,29.638727272727255
1969-09-30,4.387631578947368,0.1913333333333333,35.88056179775281,1.5,28.817303370786508
1969-10-31,4.494,0.06999999999999999,35.9675,1.0,28.643749999999997
1969-11-30,6.88,0.05904761904761906,36.09451219512196,18.170846153846153,24.834
1969-12-31,4.825555555555555,1.8743999999999994,23.702901960784317,30.35880000000001,21.79
1970-01-31,4.825555555555555,0.11333333333333333,34.02341935483871,5.5,23.130645161290325
1970-02-28,4.591666666666667,0.11333333333333333,35.59129629629629,5.5,24.76592592592592
1970-03-31,4.83,0.12272727272727273,27.588171875000004,1.0789473684210527,18.674117647058818
1970-04-30,4.778470588235294,0.005384615384615385,35.87367256637167,1.0789473684210527,25.392807017543866
1970-05-31,4.778928571428572,0.005384615384615385,36.06835849056603,2.0,26.056836734693892
1970-06-30,4.603,0.017142857142857144,36.00950819672129,2.0,28.3264935064935
1970-07-31,4.608695652173912,0.08249999999999999,36.35883333333334,2.0,28.889999999999997
1970-08-31,4.608695652173912,0.08249999999999999,35.9495625,2.0,28.666666666666668
1970-09-30,4.608695652173912,0.08249999999999999,35.66694339622643,2.0,29.276603773584906
1970-10-31,4.608695652173912,0.08249999999999999,35.93948245614035,2.0,27.82601694915253
1970-11-30,4.477441860465117,0.12,35.85012280701754,2.0,25.955178571428565
1970-12-31,4.638,0.0,35.99421052631578,38.0,22.418947368421055
1971-01-31,4.638,0.0,36.11746153846154,38.0,25.02307692307692
1971-02-28,4.498333333333333,0.0,34.964999999999996,1.5,20.64266666666667
1971-03-31,4.498333333333333,0.0,32.94461538461539,1.5,20.993478260869562
1971-04-30,4.506603773584906,0.15,33.962592592592586,1.5,21.71392857142857
1971-05-31,4.506603773584906,0.15,35.8165776699029,1.5,25.063971291866025
1971-06-30,4.5357142857142865,0.15,34.52392857142858,1.5,28.42915492957747
1971-07-31,4.104814814814815,0.15,33.968013157894745,1.5,26.60157894736842
1971-08-31,4.48876923076923,0.3045454545454545,35.11888338192421,1.5,27.483128491620125
1971-09-30,4.307272727272728,0.3045454545454545,33.25651923076923,1.5,27.62511627906977
1971-10-31,4.336557377049181,0.07,35.25709195402299,1.5,27.438181818181807
1971-11-30,4.53575,0.03071428571428572,35.53287786259543,1.5,25.339104477611937
1971-12-31,4.4217391304347835,0.03071428571428572,31.353846153846153,1.5,20.389743589743592
1972-01-31,4.4217391304347835,0.03071428571428572,32.466368421052636,1.5,23.983829787234036
1972-02-29,4.922727272727273,0.03071428571428572,31.348540540540533,1.5,18.395675675675676
1972-03-31,4.8125,0.03071428571428572,31.66924324324324,1.5,21.899367088607594
1972-04-30,4.609259259259258,0.03071428571428572,33.77965934065933,1.5,24.945584415584428
1972-05-31,4.58205128205128,0.03071428571428572,35.093875,1.5,26.541877470355736
1972-06-30,4.4350000000000005,0.22999999999999998,34.789244897959186,2.0,26.833877551020407
1972-07-31,4.4350000000000005,0.22999999999999998,32.975208333333335,2.0,28.659999999999993
1972-08-31,4.4350000000000005,0.330625,33.31758227848102,2.25,29.16666666666669
1972-09-30,4.553478260869565,0.06085714285714286,33.52757142857142,0.28750000000000003,28.694583333333348
1972-10-31,4.553478260869565,0.06085714285714286,35.334583333333335,0.28750000000000003,27.40759999999999
1972-11-30,4.553478260869565,0.06085714285714286,35.898046875,0.28750000000000003,26.624531250000004
1972-12-31,4.6440909090909095,0.049090909090909095,35.948350000000005,1.0,24.27854166666666
1973-01-31,4.984999999999999,0.67,35.87029508196721,1.0,20.7775
1973-02-28,4.984999999999999,0.67,36.33631521739129,1.0,20.528126315789475
1973-03-31,4.750000000000001,0.635,36.137173913043455,5.0,23.389999999999997
1973-04-30,4.914000000000001,0.01,36.104099999999995,0.5,26.063499999999998
1973-05-31,4.524166666666669,0.04285714285714286,36.012133333333324,2.0,25.866370370370383
1973-06-30,4.786666666666667,0.04285714285714286,36.15558620689659,0.5,27.512987124463507
1973-07-31,7.7250000000000005,0.04285714285714286,33.71403296703296,0.26666666666666666,29.486813186813173
1973-08-31,4.241428571428571,0.04285714285714286,34.062805309734514,0.26666666666666666,29.706428571428585
1973-09-30,4.241428571428571,0.04285714285714286,35.93912499999999,0.26666666666666666,29.278124999999996
1973-10-31,4.241428571428571,0.04285714285714286,36.26233333333333,0.26666666666666666,26.525000000000002
1973-11-30,4.581428571428572,0.04285714285714286,35.254189189189184,0.26666666666666666,25.09751351351352
1973-12-31,7.166666666666667,0.04285714285714286,34.13333333333333,0.26666666666666666,20.2
1974-01-31,4.775333333333334,0.04285714285714286,36.17333333333334,0.26666666666666666,26.05333333333333
1974-02-28,4.775333333333334,0.04285714285714286,36.17333333333334,0.26666666666666666,26.05333333333333
1974-03-31,4.775333333333334,0.04285714285714286,35.85183333333333,0.26666666666666666,25.326666666666668
1974-04-30,4.775333333333334,0.04285714285714286,36.15605263157895,0.26666666666666666,23.207368421052635
1974-05-31,7.752857142857143,0.09454545454545454,35.06760869565218,92.81818181818181,24.640869565217383
1974-06-30,4.498461538461538,0.08000000000000002,35.78130434782608,3.3333333333333335,27.938478260869566
1974-07-31,4.552222222222222,0.08000000000000002,35.72888888888889,3.3333333333333335,27.558888888888887
1974-08-31,4.2907142857142855,0.08000000000000002,35.9001,3.3333333333333335,28.475
1974-09-30,4.849333333333333,0.30428571428571427,35.96,4.615384615384615,27.15
1974-10-31,4.849333333333333,0.30428571428571427,35.96,4.615384615384615,27.15
1974-11-30,4.849333333333333,0.30428571428571427,35.96,4.615384615384615,27.15
1974-12-31,4.849333333333333,0.30428571428571427,36.045,4.615384615384615,21.266666666666666
1975-01-31,4.849333333333333,0.30428571428571427,36.045,4.615384615384615,21.266666666666666
1975-02-28,4.525714285714285,0.05,35.86142857142857,1.0,25.43
1975-03-31,4.156666666666667,0.1055,35.94645,23.878048780487806,21.09317073170732
1975-04-30,4.156666666666667,0.1055,35.94645,23.878048780487806,21.09317073170732
1975-05-31,4.156666666666667,0.048,31.375555555555554,2.2666666666666666,28.741111111111113
1975-06-30,4.156666666666667,0.048,31.375555555555554,2.2666666666666666,28.741111111111113
1975-07-31,4.156666666666667,0.048,33.577,2.2666666666666666,28.358999999999998
1975-08-31,4.156666666666667,0.048,30.887105263157896,2.2666666666666666,29.36842105263158
1975-09-30,4.156666666666667,0.048,35.31106796116506,2.2666666666666666,28.665728155339814
1975-10-31,5.338888888888889,0.0,35.340666666666664,1.3333333333333333,17.00772727272727
1975-11-30,5.338888888888889,0.0,35.340666666666664,1.3333333333333333,17.00772727272727
1975-12-31,5.338888888888889,0.0,35.340666666666664,1.3333333333333333,17.00772727272727
1976-01-31,5.338888888888889,0.0,35.340666666666664,1.3333333333333333,17.00772727272727
1976-02-29,4.732857142857143,0.21571428571428575,35.866692307692304,1.2857142857142858,19.186075949367094
1976-03-31,4.273333333333334,0.05,34.7375,1.3571428571428572,20.43882352941177
1976-04-30,4.273333333333334,0.05,27.07315789473685,1.3571428571428572,24.23947368421053
1976-05-31,4.273333333333334,0.05,27.07315789473685,1.3571428571428572,24.23947368421053
1976-06-30,4.273333333333334,0.05,29.3,1.3571428571428572,29.15
1976-07-31,4.273333333333334,0.05,29.3,1.3571428571428572,29.15
1976-08-31,4.273333333333334,0.05,33.27142857142857,1.3571428571428572,29.31904761904762
1976-09-30,4.273333333333334,0.05,34.58995454545454,1.3571428571428572,28.303181818181823
1976-10-31,5.77,0.33,32.4,42.0,23.47142857142857
1976-11-30,5.77,0.33,31.5,42.0,19.0
1976-12-31,5.77,0.33,35.03777777777778,42.0,17.701578947368418
1977-01-31,5.176666666666667,0.0033333333333333335,32.46666666666667,0.4666666666666667,12.166666666666666
1977-02-28,5.176666666666667,0.0033333333333333335,35.76133333333334,0.4666666666666667,18.025333333333336
1977-03-31,5.449285714285714,0.15285714285714286,36.067142857142855,5.785714285714286,22.146086956521735
1977-04-30,5.449285714285714,0.15285714285714286,36.067142857142855,5.785714285714286,22.146086956521735
1977-05-31,7.234285714285713,1.5288888888888887,21.694444444444443,81.33333333333333,27.714285714285715
1977-06-30,7.234285714285713,1.5288888888888887,21.694444444444443,81.33333333333333,27.714285714285715
1977-07-31,7.234285714285713,1.5288888888888887,21.694444444444443,81.33333333333333,27.714285714285715
1977-08-31,7.234285714285713,1.5288888888888887,21.694444444444443,81.33333333333333,27.714285714285715
1977-09-30,7.234285714285713,1.5288888888888887,21.694444444444443,81.33333333333333,27.714285714285715
1977-10-31,11.025,0.47000000000000003,21.694444444444443,27.983333333333334,20.875
1977-11-30,5.110526315789474,0.47000000000000003,26.236842105263158,27.983333333333334,17.394736842105264
1977-12-31,10.3,0.47000000000000003,23.46176470588236,27.983333333333334,13.708333333333334
1978-01-31,11.43611111111111,0.47000000000000003,23.46176470588236,27.983333333333334,11.147222222222222
1978-02-28,11.43611111111111,0.47000000000000003,23.46176470588236,27.983333333333334,11.147222222222222
1978-03-31,9.292592592592591,0.16999999999999998,21.99537037037037,9.25,16.115740740740744
1978-04-30,6.611935483870968,0.16999999999999998,24.075312500000003,9.25,19.456874999999997
1978-05-31,7.070526315789474,0.268,24.592105263157894,9.6,26.973684210526315
1978-06-30,5.074999999999999,0.19499999999999998,31.699230769230766,37.0,29.288846153846148
1978-07-31,5.074999999999999,0.19499999999999998,31.699230769230766,37.0,29.288846153846148
1978-08-31,6.567777777777776,0.4183333333333333,27.518518518518515,68.66666666666667,30.046296296296298
1978-09-30,6.049259259259259,0.32928571428571424,31.891379310344824,31.928571428571427,23.569310344827585
1978-10-31,6.049259259259259,0.32928571428571424,31.891379310344824,31.928571428571427,23.569310344827585
1978-11-30,6.049259259259259,0.32928571428571424,31.891379310344824,31.928571428571427,23.569310344827585
1978-12-31,5.833636363636364,0.13,36.258,2.3249999999999997,20.7
1979-01-31,5.833636363636364,0.13,36.258,2.3249999999999997,20.7
1979-02-28,5.833636363636364,0.13,34.160000000000004,2.3249999999999997,13.71
1979-03-31,4.221818181818183,0.13,28.935454545454547,2.3249999999999997,23.223636363636366
1979-04-30,4.221818181818183,0.13,28.935454545454547,2.3249999999999997,23.223636363636366
1979-05-31,4.221818181818183,0.13,28.935454545454547,2.3249999999999997,23.223636363636366
1979-06-30,6.422857142857143,0.13,35.77,2.3249999999999997,26.784999999999997
1979-07-31,6.422857142857143,0.13,35.77,2.3249999999999997,26.784999999999997
1979-08-31,6.422857142857143,0.13,35.77,2.3249999999999997,26.784999999999997
1979-09-30,6.422857142857143,0.13,35.77,2.3249999999999997,26.784999999999997
1979-10-31,6.422857142857143,0.13,35.77,2.3249999999999997,26.784999999999997
1979-11-30,6.422857142857143,0.13,35.77,2.3249999999999997,26.784999999999997
1979-12-31,6.422857142857143,0.13,35.77,2.3249999999999997,26.784999999999997
1980-01-31,6.422857142857143,0.13,35.77,2.3249999999999997,26.784999999999997
1980-02-29,6.422857142857143,0.13,35.77,2.3249999999999997,26.784999999999997
1980-03-31,6.422857142857143,0.13,35.77,2.3249999999999997,26.784999999999997
1980-04-30,6.422857142857143,0.13,35.77,2.3249999999999997,26.784999999999997
1980-05-31,6.422857142857143,0.13,35.77,2.3249999999999997,26.784999999999997
1980-06-30,6.422857142857143,0.13,35.77,2.3249999999999997,26.784999999999997
1980-07-31,6.422857142857143,0.13,35.77,2.3249999999999997,26.784999999999997
1980-08-31,6.422857142857143,0.13,35.77,2.3249999999999997,26.784999999999997
1980-09-30,6.422857142857143,0.13,35.77,2.3249999999999997,26.784999999999997
1980-10-31,6.422857142857143,0.13,35.77,2.3249999999999997,26.784999999999997
1980-11-30,6.287884615384613,0.07833333333333337,35.78423076923077,2.2375000000000003,26.210649350649348
1980-12-31,6.306346153846156,0.04500000000000001,36.14087096774194,0.9213478260869568,26.443698630136986
1981-01-31,6.306346153846156,0.04500000000000001,36.14087096774194,0.9213478260869568,26.443698630136986
1981-02-28,6.306346153846156,0.04500000000000001,36.14087096774194,0.9213478260869568,26.443698630136986
1981-03-31,6.306346153846156,0.04500000000000001,36.14087096774194,0.9213478260869568,26.443698630136986
1981-04-30,6.306346153846156,0.04500000000000001,36.14087096774194,0.9213478260869568,26.443698630136986
1981-05-31,6.050555555555557,0.05666666666666667,36.166666666666664,0.5666666666666668,25.994814814814816
1981-06-30,6.504583333333334,0.049090909090909095,36.06272727272728,1.7999999999999998,30.12969696969697
1981-07-31,6.504583333333334,0.049090909090909095,36.06272727272728,1.7999999999999998,30.12969696969697
1981-08-31,6.6322222222222225,0.05750000000000001,36.07,0.875,29.63692307692308
1981-09-30,4.232692307692308,0.08,36.01247517730498,4.0120000000000005,28.729007092198586
1981-10-31,4.3109090909090915,0.08,36.08749295774649,4.381818181818182,28.11211267605635
1981-11-30,6.145,0.08,36.370000000000005,0.55,21.31
1981-12-31,6.145,0.08,36.370000000000005,0.55,21.31
1982-01-31,6.145,0.08,36.370000000000005,0.55,21.31
1982-02-28,6.882307692307692,0.050909090909090904,36.33538461538462,0.9307692307692309,22.54973684210526
1982-03-31,3.352,0.11875000000000006,36.14111111111111,1.0666666666666669,24.749090909090903
1982-04-30,3.352,0.11875000000000006,36.14111111111111,1.0666666666666669,24.749090909090903
1982-05-31,2.8832,0.1,35.49705882352941,1.2,29.2958
1982-06-30,2.8832,0.1,35.49705882352941,1.2,29.2958
1982-07-31,2.8832,0.1,35.49705882352941,1.2,29.2958
1982-08-31,2.8832,0.1,35.49705882352941,1.2,29.2958
1982-09-30,2.8832,0.1,35.49705882352941,1.2,29.2958
1982-10-31,4.965185185185187,0.04027027027027028,36.08861818181818,1.049090909090909,24.063036363636375
1982-11-30,4.965185185185187,0.04027027027027028,36.08861818181818,1.049090909090909,24.063036363636375
1982-12-31,4.965185185185187,0.04027027027027028,36.08861818181818,1.049090909090909,24.063036363636375
1983-01-31,4.965185185185187,0.04027027027027028,36.08861818181818,1.049090909090909,24.063036363636375
1983-02-28,4.965185185185187,0.04027027027027028,36.08861818181818,1.049090909090909,24.063036363636375
1983-03-31,4.965185185185187,0.04027027027027028,36.08861818181818,1.049090909090909,24.063036363636375
1983-04-30,4.260344827586206,0.08482758620689652,36.052155172413805,1.243103448275862,26.07974137931035
1983-05-31,4.260344827586206,0.08482758620689652,36.052155172413805,1.243103448275862,26.07974137931035
1983-06-30,4.260344827586206,0.08482758620689652,36.052155172413805,1.243103448275862,26.07974137931035
1983-07-31,4.260344827586206,0.08482758620689652,36.052155172413805,1.243103448275862,26.07974137931035
1983-08-31,4.260344827586206,0.08482758620689652,36.052155172413805,1.243103448275862,26.07974137931035
1983-09-30,4.260344827586206,0.08482758620689652,36.052155172413805,1.243103448275862,26.07974137931035
1983-10-31,4.260344827586206,0.08482758620689652,36.052155172413805,1.243103448275862,26.07974137931035
1983-11-30,4.260344827586206,0.08482758620689652,36.052155172413805,1.243103448275862,26.07974137931035
1983-12-31,4.866176470588234,0.0926923076923077,36.26571830985914,1.167605633802817,25.476000000000006
1984-01-31,4.866176470588234,0.0926923076923077,36.26571830985914,1.167605633802817,25.476000000000006
1984-02-29,4.866176470588234,0.0926923076923077,36.26571830985914,1.167605633802817,25.476000000000006
1984-03-31,4.866176470588234,0.0926923076923077,36.26571830985914,1.167605633802817,25.476000000000006
1984-04-30,4.866176470588234,0.0926923076923077,36.26571830985914,1.167605633802817,25.476000000000006
1984-05-31,4.866176470588234,0.0926923076923077,36.26571830985914,1.167605633802817,25.476000000000006
1984-06-30,3.5395,0.10187500000000001,36.3944,1.1733333333333331,24.333333333333332
1984-07-31,3.5395,0.10187500000000001,36.3944,1.1733333333333331,24.333333333333332
1984-08-31,3.5395,0.10187500000000001,36.3944,1.1733333333333331,24.333333333333332
1984-09-30,3.5395,0.10187500000000001,36.3944,1.1733333333333331,24.333333333333332
1984-10-31,3.5395,0.10187500000000001,36.3944,1.1733333333333331,24.333333333333332
1984-11-30,3.5395,0.10187500000000001,36.3944,1.1733333333333331,24.333333333333332
1984-12-31,3.5395,0.10187500000000001,36.3944,1.1733333333333331,24.333333333333332
1985-01-31,3.5395,0.10187500000000001,36.3944,1.1733333333333331,24.333333333333332
1985-02-28,3.5395,0.10187500000000001,36.3944,1.1733333333333331,19.086
1985-03-31,3.5395,0.10187500000000001,36.3944,1.1733333333333331,19.086
1985-04-30,4.79625,0.10187500000000001,36.1726875,1.1733333333333331,28.039500000000004
1985-05-31,4.79625,0.10187500000000001,36.1726875,1.1733333333333331,28.039500000000004
1985-06-30,4.79625,0.10187500000000001,36.1726875,1.1733333333333331,28.039500000000004
1985-07-31,4.79625,0.10187500000000001,36.1726875,1.1733333333333331,28.039500000000004
1985-08-31,4.79625,0.10187500000000001,36.1726875,1.1733333333333331,28.039500000000004
1985-09-30,4.79625,0.10187500000000001,36.1726875,1.1733333333333331,28.039500000000004
1985-10-31,4.79625,0.10187500000000001,36.1726875,1.1733333333333331,28.039500000000004
1985-11-30,4.784666666666667,0.2490322580645162,35.90745161290324,1.6758620689655177,21.951645161290315
1985-12-31,4.784666666666667,0.2490322580645162,35.90745161290324,1.6758620689655177,21.951645161290315
1986-01-31,4.784666666666667,0.2490322580645162,35.90745161290324,1.6758620689655177,21.951645161290315
1986-02-28,4.873571428571429,0.20142857142857146,36.36885714285714,0.7928571428571429,23.203357142857147
1986-03-31,5.351666666666667,0.0888888888888889,36.16042253521128,0.8222222222222222,26.37070422535211
1986-04-30,5.351666666666667,0.0888888888888889,36.16042253521128,0.8222222222222222,26.37070422535211
1986-05-31,5.351666666666667,0.0888888888888889,36.16042253521128,0.8222222222222222,26.37070422535211
1986-06-30,5.351666666666667,0.0888888888888889,36.22,0.8222222222222222,28.38153846153846
1986-07-31,5.351666666666667,0.0888888888888889,36.14263157894738,0.8222222222222222,29.031052631578945
1986-08-31,5.351666666666667,0.0888888888888889,36.21090909090909,0.8222222222222222,29.818181818181817
1986-09-30,5.351666666666667,0.0888888888888889,35.70738461538461,0.8222222222222222,21.008692307692307
1986-10-31,5.351666666666667,0.0888888888888889,35.70738461538461,0.8222222222222222,21.008692307692307
1986-11-30,5.351666666666667,0.0888888888888889,35.70738461538461,0.8222222222222222,21.008692307692307
1986-12-31,5.351666666666667,0.0888888888888889,35.70738461538461,0.8222222222222222,21.008692307692307
1987-01-31,5.351666666666667,0.0888888888888889,35.70738461538461,0.8222222222222222,21.008692307692307
1987-02-28,5.351666666666667,0.0888888888888889,35.70738461538461,0.8222222222222222,21.008692307692307
1987-03-31,5.351666666666667,0.0888888888888889,35.70738461538461,0.8222222222222222,21.008692307692307
1987-04-30,5.351666666666667,0.0888888888888889,35.70738461538461,0.8222222222222222,21.008692307692307
1987-05-31,4.63,0.064,33.645,2.8,29.485
1987-06-30,4.63,0.064,33.645,2.8,29.485
1987-07-31,4.63,0.064,33.645,2.8,29.485
1987-08-31,4.791533333333334,0.064,36.245000000000005,2.8,23.93
1987-09-30,4.791533333333334,0.064,36.245000000000005,2.8,23.93
1987-10-31,4.791533333333334,0.064,36.245000000000005,2.8,23.93
1987-11-30,4.791533333333334,0.064,36.37707142857143,2.1199999999999997,23.928533333333334
1987-12-31,4.591875,0.315,36.217625,4.23375,21.514374999999998
1988-01-31,5.359999999999999,0.06263157894736843,34.81,2.0105263157894733,17.2755
1988-02-29,5.359999999999999,0.06263157894736843,34.81,2.0105263157894733,17.2755
1988-03-31,4.78,0.06263157894736843,33.336333333333336,2.0105263157894733,29.00333333333333
1988-04-30,4.78,0.06263157894736843,33.336333333333336,2.0105263157894733,29.00333333333333
1988-05-31,4.78,0.06263157894736843,33.336333333333336,2.0105263157894733,29.00333333333333
1988-06-30,4.78,0.06263157894736843,33.336333333333336,2.0105263157894733,29.00333333333333
1988-07-31,4.78,0.06263157894736843,33.336333333333336,2.0105263157894733,29.00333333333333
1988-08-31,4.636105263157893,0.06263157894736843,36.31405263157894,2.0105263157894733,25.95263157894737
1988-09-30,4.636105263157893,0.06263157894736843,36.31405263157894,2.0105263157894733,25.95263157894737
1988-10-31,4.636105263157893,0.06263157894736843,36.31405263157894,2.0105263157894733,25.95263157894737
1988-11-30,5.11975,0.0125,36.34,2.025,25.815
1988-12-31,5.11975,0.0125,36.34,2.025,25.815
1989-01-31,5.11975,0.0125,36.34,2.025,25.815
1989-02-28,5.11975,0.0125,36.230000000000004,2.025,26.02
1989-03-31,5.11975,0.0125,36.42666666666667,2.025,25.353333333333335
1989-04-30,5.11975,0.0125,35.99,2.025,26.560000000000002
1989-05-31,5.11975,0.0125,36.246428571428574,2.025,25.628999999999998
1989-06-30,4.804999999999999,0.19666666666666666,36.394999999999996,1.516666666666667,27.675
1989-07-31,4.804999999999999,0.19666666666666666,36.46,1.516666666666667,28.68
1989-08-31,4.804999999999999,0.19666666666666666,35.11,1.516666666666667,26.34
1989-09-30,4.804999999999999,0.19666666666666666,35.11,1.516666666666667,26.34
1989-10-31,4.804999999999999,0.19666666666666666,35.11,1.516666666666667,26.34
1989-11-30,4.804999999999999,0.19666666666666666,35.59129166666666,1.516666666666667,25.67208333333333
1989-12-31,4.544719999999995,0.01,36.24241832669322,0.1,27.534203187251
1990-01-31,5.076,0.01,36.368,0.1,29.117872340425517
1990-02-28,5.076,0.01,36.368,0.1,29.117872340425517
1990-03-31,4.7634719101123615,0.08741573033707864,28.660107526881713,3.8558426966292147,29.117872340425517
1990-04-30,4.7634719101123615,0.08741573033707864,28.660107526881713,3.8558426966292147,29.117872340425517
1990-05-31,4.7634719101123615,0.08741573033707864,28.660107526881713,3.8558426966292147,29.117872340425517
1990-06-30,4.7634719101123615,0.08741573033707864,28.660107526881713,3.8558426966292147,29.117872340425517
1990-07-31,4.7634719101123615,0.08741573033707864,28.660107526881713,3.8558426966292147,29.117872340425517
1990-08-31,4.772857142857142,0.018571428571428572,35.364,0.35714285714285715,28.304285714285715
1990-09-30,4.772857142857142,0.018571428571428572,35.364,0.35714285714285715,28.304285714285715
1990-10-31,4.772857142857142,0.018571428571428572,35.364,0.35714285714285715,28.304285714285715
1990-11-30,5.113857142857143,0.2290909090909091,36.16045454545454,3.5,20.709545454545452
1990-12-31,5.113857142857143,0.2290909090909091,36.16045454545454,3.5,20.709545454545452
1991-01-31,5.113857142857143,0.2290909090909091,36.16045454545454,3.5,20.709545454545452
1991-02-28,5.113857142857143,0.2290909090909091,36.16045454545454,3.5,20.709545454545452
1991-03-31,5.113857142857143,0.2290909090909091,36.16045454545454,3.5,20.709545454545452
1991-04-30,4.435555555555556,0.15375000000000003,33.08463636363636,3.1444444444444444,27.266272727272725
1991-05-31,4.435555555555556,0.15375000000000003,33.08463636363636,3.1444444444444444,27.266272727272725
1991-06-30,4.435555555555556,0.15375000000000003,33.08463636363636,3.1444444444444444,27.266272727272725
1991-07-31,4.899,0.01,35.908,1.1,23.38
1991-08-31,4.899,0.01,35.908,1.1,23.38
1991-09-30,4.899,0.01,35.908,1.1,23.38
1991-10-31,4.899,0.01,35.908,1.1,23.38
1991-11-30,4.899,0.01,35.908,1.1,23.38
1991-12-31,4.899,0.01,35.908,1.1,23.38
1992-01-31,4.899,0.01,35.908,1.1,23.38
1992-02-29,5.65,0.05,33.4486,5.94,20.36
1992-03-31,5.65,0.05,33.4486,5.94,20.36
1992-04-30,5.65,0.05,33.4486,5.94,20.36
1992-05-31,4.967142857142856,0.028181818181818183,35.485186666666664,2.123636363636364,23.718
1992-06-30,4.6433333333333335,0.02666666666666667,35.86633333333334,1.5333333333333334,29.599999999999998
1992-07-31,4.578384615384616,0.031176470588235295,34.46536111111112,1.4058823529411768,29.818711111111114
1992-08-31,4.578384615384616,0.031176470588235295,34.46536111111112,1.4058823529411768,29.818711111111114
1992-09-30,3.79,0.55,35.509,3.6,20.469
1992-10-31,3.79,0.55,35.509,3.6,20.469
1992-11-30,4.8237499999999995,0.04461538461538462,35.889915384615385,2.667692307692308,24.681230769230773
1992-12-31,4.8740000000000006,0.03375,36.304,3.4999999999999996,23.524250000000002
1993-01-31,4.8740000000000006,0.03375,36.304,3.4999999999999996,23.524250000000002
1993-02-28,5.004166666666666,0.041764705882352954,36.058692307692304,1.9447058823529413,21.091176923076926
1993-03-31,5.0120000000000005,0.0642857142857143,35.96218571428572,1.375714285714286,22.53152857142857
1993-04-30,5.0120000000000005,0.0642857142857143,35.96218571428572,1.375714285714286,22.53152857142857
1993-05-31,4.885625000000001,0.0635714285714286,33.58221428571427,3.067142857142857,23.79996428571428
1993-06-30,4.671666666666667,0.052000000000000005,31.31391,2.049,30.231950000000005
1993-07-31,4.671666666666667,0.052000000000000005,31.31391,2.049,30.231950000000005
1993-08-31,4.592666666666668,0.036666666666666674,35.603391666666674,2.986666666666667,29.273020833333334
1993-09-30,4.788333333333333,0.036486486486486495,36.048579411764706,2.6978378378378376,24.86330882352941
1993-10-31,4.788333333333333,0.036486486486486495,36.048579411764706,2.6978378378378376,24.86330882352941
1993-11-30,4.788333333333333,0.036486486486486495,36.048579411764706,2.6978378378378376,24.86330882352941
1993-12-31,4.851538461538462,0.06266666666666668,36.08573333333334,2.372,24.174013333333335
1994-01-31,4.851538461538462,0.06266666666666668,36.08573333333334,2.372,24.174013333333335
1994-02-28,4.851538461538462,0.06266666666666668,36.08573333333334,2.372,24.174013333333335
1994-03-31,4.851538461538462,0.06266666666666668,36.08573333333334,2.372,24.174013333333335
1994-04-30,4.851538461538462,0.06266666666666668,36.08573333333334,2.372,24.174013333333335
1994-05-31,4.9607142857142845,0.02750000000000001,33.381113888888876,1.9272222222222222,24.543322222222216
1994-06-30,4.753619047619047,0.06130434782608697,33.05416521739131,1.1195652173913042,29.41204782608695
1994-07-31,4.753619047619047,0.06130434782608697,33.05416521739131,1.1195652173913042,29.41204782608695
1994-08-31,4.620387096774192,0.04717948717948719,36.00128205128205,1.3717948717948718,28.48244615384615
1994-09-30,5.095032258064515,0.07181818181818182,34.67925806451612,2.172727272727273,26.56381818181819
1994-10-31,5.095032258064515,0.07181818181818182,34.67925806451612,2.172727272727273,26.56381818181819
1994-11-30,4.651020408163265,0.028979591836734705,35.83699583333333,1.6065306122448977,26.29864375
1994-12-31,4.854,0.04142857142857143,36.05757142857143,0.7000000000000001,28.209999999999997
1995-01-31,4.854,0.04142857142857143,36.05757142857143,0.7000000000000001,28.209999999999997
1995-02-28,4.854,0.04142857142857143,36.05757142857143,0.7000000000000001,28.209999999999997
1995-03-31,4.854,0.04142857142857143,36.05757142857143,0.7000000000000001,28.209999999999997
1995-04-30,4.854,0.04142857142857143,36.05757142857143,0.7000000000000001,28.209999999999997
1995-05-31,4.854,0.04142857142857143,36.05757142857143,0.7000000000000001,28.209999999999997
1995-06-30,4.854,0.04142857142857143,36.05757142857143,0.7000000000000001,28.209999999999997
1995-07-31,5.413597701149427,0.06310344827586205,35.33,1.0450574712643677,28.9
1995-08-31,5.413597701149427,0.06310344827586205,35.33,1.0450574712643677,28.9
1995-09-30,5.413597701149427,0.06310344827586205,35.33,1.0450574712643677,28.9
1995-10-31,5.413597701149427,0.06310344827586205,35.33,1.0450574712643677,28.9
1995-11-30,5.413597701149427,0.06310344827586205,35.33,1.0450574712643677,28.9
1995-12-31,5.413597701149427,0.06310344827586205,35.33,1.0450574712643677,28.9
1996-01-31,5.413597701149427,0.06310344827586205,35.33,1.0450574712643677,28.9
1996-02-29,5.413597701149427,0.06310344827586205,35.33,1.0450574712643677,28.9
1996-03-31,5.413597701149427,0.06310344827586205,35.33,1.0450574712643677,28.9
1996-04-30,5.413597701149427,0.06310344827586205,35.33,1.0450574712643677,28.9
1996-05-31,5.413597701149427,0.06310344827586205,35.33,1.0450574712643677,28.9
1996-06-30,5.413597701149427,0.06310344827586205,35.33,1.0450574712643677,28.9
1996-07-31,5.413597701149427,0.06310344827586205,35.33,1.0450574712643677,28.9
1996-08-31,5.413597701149427,0.06310344827586205,35.33,1.0450574712643677,28.9
1996-09-30,5.413597701149427,0.06310344827586205,35.33,1.0450574712643677,28.9
1996-10-31,5.413597701149427,0.06310344827586205,35.33,1.0450574712643677,28.9
1996-11-30,5.413597701149427,0.06310344827586205,35.33,1.0450574712643677,28.9
1996-12-31,5.413597701149427,0.06310344827586205,35.33,1.0450574712643677,28.9
1997-01-31,5.413597701149427,0.06310344827586205,35.33,1.0450574712643677,28.9
1997-02-28,5.413597701149427,0.06310344827586205,35.33,1.0450574712643677,28.9
1997-03-31,5.413597701149427,0.06310344827586205,35.33,1.0450574712643677,28.9
1997-04-30,5.413597701149427,0.06310344827586205,35.33,1.0450574712643677,28.9
1997-05-31,5.413597701149427,0.06310344827586205,35.33,1.0450574712643677,28.9
1997-06-30,5.413597701149427,0.06310344827586205,35.33,1.0450574712643677,28.9
1997-07-31,5.413597701149427,0.06310344827586205,35.33,1.0450574712643677,28.9
1997-08-31,5.413597701149427,0.06310344827586205,35.33,1.0450574712643677,28.9
1997-09-30,5.413597701149427,0.06310344827586205,35.33,1.0450574712643677,28.9
1997-10-31,5.413597701149427,0.06310344827586205,35.50216091954021,1.0450574712643677,25.0
1997-11-30,5.413597701149427,0.06310344827586205,35.50216091954021,1.0450574712643677,25.0
1997-12-31,5.053499999999999,0.1111111111111111,31.367333333333338,2.066666666666667,25.0
1998-01-31,5.053499999999999,0.1111111111111111,31.367333333333338,2.066666666666667,25.0
1998-02-28,5.053499999999999,0.3888888888888889,26.84333333333333,18.644444444444442,25.0
1998-03-31,5.053499999999999,0.1888888888888889,28.863125,15.044444444444444,25.0
1998-04-30,5.053499999999999,0.2333333333333334,26.040777777777777,1.4555555555555557,25.0
1998-05-31,5.053499999999999,0.06739583333333325,31.693214285714287,2.0348958333333336,25.0
1998-06-30,4.66305,0.22222222222222227,22.82811111111111,4.966666666666667,25.0
1998-07-31,4.66305,0.2740157480314961,26.22994623655915,11.86377952755906,25.0
1998-08-31,4.65582,0.07474576271186442,31.348761904761904,5.429661016949152,25.0
1998-09-30,4.7817727272727275,0.1111111111111111,31.508750000000006,4.533333333333333,25.0
1998-10-31,4.7817727272727275,0.12222222222222223,33.38722222222222,4.444444444444445,25.0
1998-11-30,4.7817727272727275,0.04459183673469386,34.0206551724138,1.9081632653061225,25.0
1998-12-31,5.021449438202247,0.18888888888888888,31.592777777777776,8.033333333333333,23.882222222222218
1999-01-31,5.021449438202247,0.16666666666666666,31.867888888888885,16.444444444444443,23.882222222222218
1999-02-28,5.021449438202247,0.21111111111111114,28.273,3.088888888888889,23.882222222222218
1999-03-31,5.021449438202247,0.17777777777777778,28.85111111111111,5.877777777777777,23.882222222222218
1999-04-30,5.021449438202247,0.2444444444444444,27.584999999999997,11.344444444444441,23.882222222222218
1999-05-31,5.021449438202247,0.08154639175257727,33.905886363636355,3.2840816326530597,23.882222222222218
1999-06-30,4.630274725274727,0.19999999999999998,23.86611111111111,15.555555555555555,23.882222222222218
1999-07-31,4.630274725274727,0.23928571428571405,23.680595238095243,19.684523809523807,23.882222222222218
1999-08-31,4.630274725274727,0.07389999999999991,32.29743333333334,1.7316,23.882222222222218
1999-09-30,4.8047528089887654,0.15555555555555556,29.670666666666666,3.855555555555556,23.882222222222218
1999-10-31,4.8047528089887654,0.16666666666666666,32.44477777777777,6.766666666666668,23.882222222222218
1999-11-30,4.8047528089887654,0.07948979591836727,34.954962962962966,1.5403061224489798,23.882222222222218
1999-12-31,5.021108695652175,0.18888888888888888,34.245555555555555,9.122222222222222,23.882222222222218
2000-01-31,5.021108695652175,0.2555555555555556,33.513444444444445,3.144444444444444,23.882222222222218
2000-02-29,5.021108695652175,0.2555555555555556,33.513444444444445,3.144444444444444,27.253097345132744
2000-03-31,5.021108695652175,0.2,31.971888888888884,0.8666666666666668,27.253097345132744
2000-04-30,5.021108695652175,0.058514851485148414,34.524428571428565,1.4408910891089108,27.253097345132744
2000-05-31,4.749923076923077,0.16666666666666666,31.82155555555555,1.6888888888888889,27.253097345132744
2000-06-30,4.749923076923077,0.3222222222222222,31.85833333333333,0.7555555555555555,26.025
2000-07-31,4.749923076923077,0.46240384615384666,29.13591304347826,15.247403846153864,26.025
2000-08-31,4.451890625000001,0.0693150684931507,33.078545454545456,1.5223287671232877,26.025
2000-09-30,4.994849944444445,0.3111111111111111,32.11122222222222,4.033333333333334,26.025
2000-10-31,4.994849944444445,0.4000000000000001,32.9489375,2.8333333333333335,26.025
2000-11-30,4.994849944444445,0.4000000000000001,29.966375000000003,2.8333333333333335,26.025
2000-12-31,4.994849944444445,0.4125,29.966375000000003,16.9,26.013265306122452
2001-01-31,4.994849944444445,0.4125,29.966375000000003,16.9,24.103125000000002
2001-02-28,4.994849944444445,0.14444444444444443,29.96688888888889,9.766666666666666,24.333207547169817
2001-03-31,4.994849944444445,0.2,32.30006250000001,4.3375,24.333207547169817
2001-04-30,4.994849944444445,0.3666666666666666,28.62688888888889,1.322222222222222,24.333207547169817
2001-05-31,4.994849944444445,0.18750000000000006,31.15057142857143,2.21875,21.60028888888889
2001-06-30,4.994849944444445,0.34444444444444433,27.304777777777776,2.5444444444444447,21.60028888888889
2001-07-31,4.994849944444445,0.2896907216494858,26.55475,11.364583333333329,21.60028888888889
2001-08-31,4.994849944444445,0.16666666666666669,28.77433333333333,9.755555555555555,21.60028888888889
2001-09-30,4.994849944444445,0.23125000000000007,30.39725,5.1875,21.60028888888889
2001-10-31,4.994849944444445,0.33333333333333326,32.062777777777775,9.088888888888889,21.60028888888889
2001-11-30,4.994849944444445,1.2374999999999998,30.991785714285708,6.875,21.60028888888889
2001-12-31,4.994849944444445,1.2266666666666666,30.039199999999997,9.546666666666665,21.60028888888889
2002-01-31,4.994849944444445,1.6111111111111112,29.460888888888885,13.633333333333333,21.60028888888889
2002-02-28,4.994849944444445,1.2750000000000001,27.505125,20.375,21.60028888888889
2002-03-31,4.994849944444445,1.2874999999999999,31.373749999999998,10.775,21.60028888888889
2002-04-30,4.994849944444445,0.24000000000000002,29.674615384615386,8.260000000000002,21.60028888888889
2002-05-31,4.994849944444445,1.077777777777778,27.594625,3.2,21.60028888888889
2002-06-30,4.994849944444445,1.0374999999999999,24.791478723404254,11.73125,21.60028888888889
2002-07-31,4.994849944444445,1.0463157894736843,24.791478723404254,12.596842105263152,21.60028888888889
2002-08-31,4.994849944444445,1.1812499999999997,27.796733333333336,6.0562499999999995,21.60028888888889
2002-09-30,4.994849944444445,1.3222222222222224,29.789888888888886,1.655555555555556,21.60028888888889
2002-10-31,4.994849944444445,1.4,30.56125,10.525,21.60028888888889
2002-11-30,4.994849944444445,1.4555555555555557,31.82425,10.388888888888888,21.60028888888889
2002-12-31,4.994849944444445,1.45625,28.730937500000003,11.38125,21.60028888888889
2003-01-31,4.994849944444445,1.31875,26.960124999999998,16.9875,21.60028888888889
2003-02-28,4.994849944444445,0.6875,31.6315,8.325,21.60028888888889
2003-03-31,4.994849944444445,0.5799999999999998,24.900599999999997,18.76,21.60028888888889
2003-04-30,4.994849944444445,0.6888888888888889,28.326666666666668,3.922222222222222,21.60028888888889
2003-05-31,4.994849944444445,0.7375,30.5756,3.9866666666666672,21.60028888888889
2003-06-30,4.994849944444445,0.6333333333333334,26.904500000000002,1.411111111111111,21.60028888888889
2003-07-31,4.994849944444445,0.6275510204081635,27.953999999999997,11.526530612244898,21.60028888888889
2003-08-31,4.994849944444445,0.4647058823529413,27.953999999999997,8.329411764705881,21.60028888888889
2003-09-30,4.994849944444445,0.4333333333333333,25.648444444444447,5.455555555555556,21.60028888888889
2003-10-31,4.994849944444445,0.9375000000000002,29.943249999999995,4.8062499999999995,21.60028888888889
2003-11-30,4.994849944444445,0.9666666666666666,31.62277777777778,5.922222222222222,21.60028888888889
2003-12-31,4.994849944444445,1.3750000000000002,23.35325,14.61875,21.60028888888889
2004-01-31,4.994849944444445,0.7111111111111111,32.3164,10.02222222222222,21.60028888888889
2004-02-29,4.994849944444445,0.7437499999999999,24.376625,19.912500000000005,21.60028888888889
2004-03-31,4.994849944444445,1.5444444444444443,27.470750000000002,8.277777777777779,21.60028888888889
2004-04-30,4.994849944444445,0.5697058823529412,29.851292000000008,9.174999999999999,21.60028888888889
2004-05-31,4.789882642857143,0.5222222222222223,28.28575,9.677777777777777,19.114999999999995
2004-06-30,4.789882642857143,0.6312500000000001,28.549,6.0249999999999995,19.114999999999995
2004-07-31,4.789882642857143,0.6932584269662918,15.410111111111112,28.083146067415733,19.114999999999995
2004-08-31,4.789882642857143,0.6000000000000001,28.78525,3.933333333333334,19.114999999999995
2004-09-30,4.789882642857143,0.575,27.36057142857143,9.868750000000002,19.114999999999995
2004-10-31,4.789882642857143,0.5222222222222223,27.446749999999998,7.2444444444444445,19.114999999999995
2004-11-30,4.789882642857143,0.7249999999999999,30.37183333333333,22.45,19.114999999999995
2004-12-31,4.789882642857143,0.7000000000000001,31.47666666666667,4.644444444444444,19.114999999999995
2005-01-31,4.789882642857143,0.8555555555555556,25.32761904761904,27.077777777777776,19.114999999999995
2005-02-28,4.789882642857143,1.00625,25.32761904761904,38.8,19.114999999999995
2005-03-31,4.789882642857143,0.3930000000000001,25.32761904761904,28.877777777777776,19.114999999999995
2005-04-30,4.993968686567163,2.3625000000000016,31.984333333333336,9.68125,22.748491044776113
2005-05-31,4.993968686567163,0.5777777777777777,31.984333333333336,1.6000000000000005,22.748491044776113
2005-06-30,4.993968686567163,0.5933333333333333,31.984333333333336,4.806666666666668,22.748491044776113
2005-07-31,4.993968686567163,0.6064102564102565,31.984333333333336,10.823076923076924,22.748491044776113
2005-08-31,4.993968686567163,0.59375,31.984333333333336,8.675,22.748491044776113
2005-09-30,4.993968686567163,1.0080303030303024,31.984333333333336,21.51960784313726,22.748491044776113
2005-10-31,4.993968686567163,0.5472549019607843,31.984333333333336,13.181249999999999,22.748491044776113
2005-11-30,4.993968686567163,0.8222222222222223,31.984333333333336,7.533333333333333,22.748491044776113
2005-12-31,4.993968686567163,0.8687500000000004,31.984333333333336,13.743750000000002,22.748491044776113
2006-01-31,4.993968686567163,0.9000000000000001,31.984333333333336,4.588888888888889,22.748491044776113
2006-02-28,4.993968686567163,0.9750000000000003,31.164571428571428,8.556249999999999,22.748491044776113
2006-03-31,4.993968686567163,0.4111111111111111,32.24366666666666,1.7555555555555555,22.748491044776113
2006-04-30,4.993968686567163,0.3469879518072289,29.27189726027396,5.24375,22.748491044776113
2006-05-31,4.948890363636362,0.4555555555555555,31.52933333333333,1.9333333333333336,29.015270909090912
2006-06-30,4.948890363636362,0.206984126984127,28.24802672413793,13.525,29.015270909090912
2006-07-31,4.132816694915253,0.6000000000000002,21.075666666666667,10.432258064516128,29.825423728813547
2006-08-31,4.132816694915253,0.7658823529411765,29.12,5.076470588235295,29.825423728813547
2006-09-30,4.132816694915253,0.5517795275590548,30.333702479338836,7.288888888888888,29.825423728813547
2006-10-31,7.88600319047619,0.74,32.015,10.080000000000002,23.467142857142857
2006-11-30,7.88600319047619,0.74,32.015,10.080000000000002,23.467142857142857
2006-12-31,7.88600319047619,0.8548823529411765,28.3776,18.532352941176473,23.467142857142857
2007-01-31,7.88600319047619,0.8548823529411765,28.3776,18.532352941176473,23.467142857142857
2007-02-28,7.88600319047619,0.9004444444444444,27.634333333333334,36.93333333333333,23.467142857142857
2007-03-31,7.88600319047619,23.375289473684212,17.142115384615384,5.958125,23.467142857142857
2007-04-30,5.079662894736842,0.10789473684210528,31.01993684210526,12.788125,23.82468947368421
2007-05-31,4.783599784946235,5.178852173913044,29.051019047619043,12.788125,24.71040404040404
2007-06-30,4.542465714285714,13.814933333333329,21.877304347826087,2.7288888888888887,29.17809523809523
2007-07-31,5.07584244,6.0211666666666686,24.837490697674415,20.10648695652173,29.918457777777792
2007-08-31,3.8482626562499997,2.666575342465753,30.25452238805971,11.702222222222222,30.71531250000001
2007-09-30,4.265378181818182,5.8990357142857155,21.087588235294117,4.64875,29.83818181818182
2007-10-31,5.80803936,0.931111111111111,32.765,9.094444444444445,14.869583333333333
2007-11-30,5.80803936,0.7055555555555554,33.296,4.024444444444445,14.869583333333333
2007-12-31,5.80803936,0.35,32.199,3.5875000000000004,14.869583333333333
2008-01-31,5.80803936,23.587499999999995,12.319166666666666,12.649999999999999,14.869583333333333
2008-02-29,5.80803936,23.587499999999995,12.319166666666666,12.649999999999999,14.869583333333333
2008-03-31,5.80803936,21.99846153846154,6.576400000000001,12.649999999999999,20.783599999999996
2008-04-30,5.80803936,21.99846153846154,6.576400000000001,12.649999999999999,20.783599999999996
2008-05-31,5.979120548387097,17.707741935483877,5.932903225806452,12.649999999999999,23.669999999999995
2008-06-30,6.654053800000002,30.999499999999994,12.889499999999998,12.649999999999999,28.222500000000004
2008-07-31,5.471545714285714,0.034999999999999996,35.80025,12.649999999999999,28.115000000000002
2008-08-31,5.471545714285714,0.034999999999999996,35.80025,12.649999999999999,28.115000000000002
2008-09-30,5.471545714285714,0.034999999999999996,35.80025,12.649999999999999,28.115000000000002
2008-10-31,5.471545714285714,0.034999999999999996,35.80025,12.649999999999999,28.115000000000002
2008-11-30,5.471545714285714,0.034999999999999996,35.80025,12.649999999999999,28.115000000000002
2008-12-31,2.911,0.034999999999999996,35.80025,12.649999999999999,28.115000000000002
2009-01-31,4.808583333333334,0.034999999999999996,35.80025,12.649999999999999,28.115000000000002
2009-02-28,4.808583333333334,0.034999999999999996,35.80025,12.649999999999999,28.115000000000002
2009-03-31,4.808583333333334,0.034999999999999996,35.80025,12.649999999999999,28.115000000000002
2009-04-30,4.808583333333334,0.034999999999999996,35.80025,12.649999999999999,28.115000000000002
2009-05-31,4.808583333333334,0.034999999999999996,35.80025,12.649999999999999,28.115000000000002
2009-06-30,4.808583333333334,0.034999999999999996,35.80025,12.649999999999999,28.115000000000002
2009-07-31,4.804213636363637,0.034999999999999996,35.80025,12.649999999999999,28.115000000000002
2009-08-31,6.35968,0.034999999999999996,35.80025,12.649999999999999,28.115000000000002
2009-09-30,6.35968,0.034999999999999996,35.80025,12.649999999999999,28.115000000000002
2009-10-31,6.35968,0.034999999999999996,35.80025,12.649999999999999,28.115000000000002
2009-11-30,6.35968,0.034999999999999996,35.80025,12.649999999999999,28.115000000000002
2009-12-31,6.35968,0.034999999999999996,35.80025,12.649999999999999,28.115000000000002
2010-01-31,6.35968,0.034999999999999996,35.80025,12.649999999999999,28.115000000000002
2010-02-28,6.35968,0.034999999999999996,35.80025,12.649999999999999,28.115000000000002
2010-03-31,6.35968,0.034999999999999996,35.80025,12.649999999999999,28.115000000000002
2010-04-30,6.35968,0.034999999999999996,35.80025,12.649999999999999,28.115000000000002
2010-05-31,6.35968,0.034999999999999996,35.80025,12.649999999999999,28.115000000000002
2010-06-30,6.35968,0.034999999999999996,35.80025,12.649999999999999,28.115000000000002
2010-07-31,6.35968,0.034999999999999996,35.80025,12.649999999999999,28.115000000000002
2010-08-31,6.35968,0.034999999999999996,35.80025,12.649999999999999,28.115000000000002
2010-09-30,6.35968,0.034999999999999996,35.80025,12.649999999999999,28.115000000000002
2010-10-31,6.35968,0.034999999999999996,35.80025,12.649999999999999,28.115000000000002
2010-11-30,6.35968,0.034999999999999996,35.80025,12.649999999999999,28.115000000000002
2010-12-31,6.35968,0.034999999999999996,35.80025,12.649999999999999,28.115000000000002
2011-01-31,6.35968,0.034999999999999996,35.80025,12.649999999999999,28.115000000000002
2011-02-28,6.35968,0.034999999999999996,35.80025,12.649999999999999,28.115000000000002
2011-03-31,6.35968,0.034999999999999996,35.80025,12.649999999999999,28.115000000000002
2011-04-30,6.35968,0.034999999999999996,35.80025,12.649999999999999,28.115000000000002
2011-05-31,6.35968,0.034999999999999996,35.80025,12.649999999999999,28.115000000000002
2011-06-30,6.35968,0.034999999999999996,35.80025,12.649999999999999,28.115000000000002
2011-07-31,6.35968,0.034999999999999996,35.80025,12.649999999999999,28.115000000000002
2011-08-31,6.35968,0.034999999999999996,35.80025,12.649999999999999,28.115000000000002
2011-09-30,6.35968,0.034999999999999996,35.80025,12.649999999999999,28.115000000000002
2011-10-31,6.35968,0.034999999999999996,35.80025,12.649999999999999,28.115000000000002
2011-11-30,6.35968,0.034999999999999996,35.80025,12.649999999999999,28.115000000000002
2011-12-31,6.35968,0.034999999999999996,35.80025,12.649999999999999,28.115000000000002
2012-01-31,6.35968,0.034999999999999996,35.80025,12.649999999999999,28.115000000000002
2012-02-29,6.35968,0.034999999999999996,35.80025,12.649999999999999,28.115000000000002
2012-03-31,6.35968,0.034999999999999996,35.80025,12.649999999999999,28.115000000000002
2012-04-30,6.35968,0.034999999999999996,35.80025,12.649999999999999,28.115000000000002
2012-05-31,6.35968,0.034999999999999996,35.80025,12.649999999999999,28.115000000000002
2012-06-30,6.35968,0.034999999999999996,35.80025,12.649999999999999,28.115000000000002
2012-07-31,6.35968,0.034999999999999996,35.80025,12.649999999999999,28.115000000000002
2012-08-31,6.35968,0.034999999999999996,35.80025,12.649999999999999,28.115000000000002
2012-09-30,6.35968,0.034999999999999996,35.80025,12.649999999999999,28.115000000000002
2012-10-31,6.355626666666666,0.03666666666666667,35.619566666666664,5.78,27.853333333333335
